date,origin_port,destination_port,vessel_class,bdi,bci,bpi,bsi,usd_inr,brent_crude_usd,wind_speed_knots,wave_height_m,rainfall_mm,port_congestion_score,queue_vessels_waiting,avg_turnaround_hrs,spot_freight_usd_ton,lower_regret_bound,upper_regret_bound
2026-08-01,Paradip,Qingdao,Supramax,1750,2200,1680,1420,83.15,78.4,14.2,1.2,5.0,0.32,2,36.5,17.40,16.20,18.80
2026-08-05,Paradip,Qingdao,Supramax,1780,2260,1710,1440,83.22,79.1,18.5,1.5,12.0,0.38,3,40.0,17.85,16.50,19.20
2026-08-10,Paradip,Qingdao,Supramax,1820,2340,1750,1470,83.30,80.2,22.4,2.1,35.0,0.48,4,48.0,18.40,17.10,20.10
2026-08-15,Paradip,Qingdao,Supramax,1890,2450,1820,1510,83.42,81.5,29.8,3.2,85.0,0.68,7,72.0,19.95,18.40,21.90
2026-08-20,Paradip,Qingdao,Supramax,1940,2520,1860,1550,83.55,82.1,34.0,3.6,110.0,0.76,9,88.5,21.20,19.50,23.40
2026-08-25,Paradip,Qingdao,Supramax,1870,2410,1790,1490,83.45,80.8,20.5,1.8,24.0,0.54,5,56.0,19.10,17.80,20.80
2026-08-30,Paradip,Qingdao,Supramax,1842,2380,1765,1460,83.40,79.9,15.6,1.4,10.0,0.42,3,42.0,18.60,17.30,20.20
2026-08-01,Visakhapatnam,Ganganagar,Multi-modal,1750,2200,1680,1420,83.15,78.4,12.0,1.0,2.0,0.30,1,28.0,739.0,690.0,810.0
2026-08-15,Visakhapatnam,Ganganagar,Multi-modal,1890,2450,1820,1510,83.42,81.5,26.0,2.5,45.0,0.62,4,58.0,772.0,720.0,850.0
2026-08-30,Visakhapatnam,Ganganagar,Multi-modal,1842,2380,1765,1460,83.40,79.9,14.0,1.1,5.0,0.36,2,34.0,740.0,695.0,815.0
2026-08-01,Australia,Paradip,Capesize,1750,2200,1680,1420,83.15,78.4,14.2,1.2,5.0,0.35,3,42.0,14.20,13.10,15.60
2026-08-15,Australia,Paradip,Capesize,1890,2450,1820,1510,83.42,81.5,31.0,3.4,90.0,0.72,8,78.0,16.50,15.20,18.20
2026-08-30,Australia,Paradip,Capesize,1842,2380,1765,1460,83.40,79.9,15.6,1.4,10.0,0.45,4,48.0,15.10,14.00,16.50
2026-08-01,Indonesia,Haldia,Handysize,1750,2200,1680,1420,83.15,78.4,16.0,1.4,18.0,0.40,3,46.0,16.80,15.50,18.30
2026-08-15,Indonesia,Haldia,Handysize,1890,2450,1820,1510,83.42,81.5,28.0,2.9,70.0,0.65,6,68.0,18.70,17.20,20.40
2026-08-30,Indonesia,Haldia,Handysize,1842,2380,1765,1460,83.40,79.9,17.0,1.5,15.0,0.44,4,50.0,17.40,16.10,19.00
